{
  "timestamp": "2025-12-14T07:20:32.936Z",
  "note": "Reprocessed from original data, excluding first prompt from each iteration",
  "iterations": 10,
  "models": [
    "qwen3:8b",
    "qwen2.5:3b",
    "deepseek-r1:1.5b"
  ],
  "stats": {
    "qwen3:8b": {
      "min": 14967.5,
      "max": 79574.5,
      "mean": 40045.55,
      "median": 36541,
      "stdDev": 20026.663474540637,
      "allTimes": [
        14967.5,
        15462.5,
        19680,
        34740,
        35773.5,
        36541,
        46151,
        57777.5,
        59788,
        79574.5
      ]
    },
    "qwen2.5:3b": {
      "min": 12780,
      "max": 66977,
      "mean": 41013.3,
      "median": 53558,
      "stdDev": 19710.559620670338,
      "allTimes": [
        12780,
        12883.5,
        19386,
        26368,
        48845.5,
        53558,
        55159,
        55553,
        58623,
        66977
      ]
    },
    "deepseek-r1:1.5b": {
      "min": 17951,
      "max": 81069,
      "mean": 45932,
      "median": 47371,
      "stdDev": 21445.359198437316,
      "allTimes": [
        17951,
        18598.5,
        21886.5,
        42539.5,
        46403.5,
        47371,
        49167,
        54320.5,
        80013.5,
        81069
      ]
    }
  }
}